{
  "avg_word_ratio": 1.3643784711293419,
  "avg_char_ratio": 0.7301109917109754
}