{
  "avg_word_ratio": 1.552942552319378,
  "avg_char_ratio": 0.7954954126141202
}